{"CameraAction":[{"rotation_euler":[[[[0.016666666666666666,1.9816912412643433,-0.1720322291056315,1.9816912412643433,0.20536556243896484,1.9816912412643433,2],[0.5,1.9816912412643433,0.3113011042277018,1.9816912412643433,0.6886988957722981,1.9816912412643433,2]],0],[[[0.016666666666666666,0.012469037435948849,-0.1720322291056315,0.012469037435948849,0.20536556243896484,0.012469037435948849,2],[0.5,0.012469038367271423,0.3113011042277018,0.012469038367271423,0.6886988957722981,0.012469038367271423,2]],0],[[[0.016666666666666666,0.2740422189235687,-0.1720322291056315,0.2740422189235687,0.20536556243896484,0.2740422189235687,2],[0.5,-0.21615490317344666,0.3113011042277018,-0.21615490317344666,0.6886988957722981,-0.21615490317344666,2]],0]],"location":[[[[0.016666666666666666,3.304135322570801,-0.1720322291056315,3.304135322570801,0.20536556243896484,3.304135322570801,2],[0.5,-2.0331215858459473,0.3113011042277018,-2.0331215858459473,0.6886988957722981,-2.0331215858459473,2]],0],[[[0.016666666666666666,-10.510119438171387,-0.1720322291056315,-10.510119438171387,0.20536556243896484,-10.510119438171387,2],[0.5,-10.828034400939941,0.3113011042277018,-10.828034400939941,0.6886988957722981,-10.828034400939941,2]],0],[[[0.016666666666666666,2.152341842651367,-0.1720322291056315,2.152341842651367,0.20536556243896484,2.152341842651367,2],[0.5,2.152341842651367,0.3113011042277018,2.152341842651367,0.6886988957722981,2.152341842651367,2]],0]],"scale":[[[[0.016666666666666666,1.0000001192092896,-0.1720322291056315,1.0000001192092896,0.20536556243896484,1.0000001192092896,2],[0.5,1.0000001192092896,0.3113011042277018,1.0000001192092896,0.6886988957722981,1.0000001192092896,2]],0],[[[0.016666666666666666,1.0000001192092896,-0.1720322291056315,1.0000001192092896,0.20536556243896484,1.0000001192092896,2],[0.5,1.0000001192092896,0.3113011042277018,1.0000001192092896,0.6886988957722981,1.0000001192092896,2]],0],[[[0.016666666666666666,1.0000001192092896,-0.1720322291056315,1.0000001192092896,0.20536556243896484,1.0000001192092896,2],[0.5,1.0000001192092896,0.3113011042277018,1.0000001192092896,0.6886988957722981,1.0000001192092896,2]],0]]}],"CameraTargetAction":[{"rotation_euler":[[[[0.016666666666666666,0.0,0.0,0.0,0.03333333333333333,0.0,2]],0],[[[0.016666666666666666,0.0,0.0,0.0,0.03333333333333333,0.0,2]],0],[[[0.016666666666666666,0.0,0.0,0.0,0.03333333333333333,0.0,2]],0]],"location":[[[[0.016666666666666666,0.0,0.0,0.0,0.03333333333333333,0.0,2]],0],[[[0.016666666666666666,0.0,0.0,0.0,0.03333333333333333,0.0,2]],0],[[[0.016666666666666666,6.969483852386475,0.0,6.969483852386475,0.03333333333333333,6.969483852386475,2]],0]],"scale":[[[[0.016666666666666666,1.0,0.0,1.0,0.03333333333333333,1.0,2]],0],[[[0.016666666666666666,1.0,0.0,1.0,0.03333333333333333,1.0,2]],0],[[[0.016666666666666666,1.0,0.0,1.0,0.03333333333333333,1.0,2]],0]]}]}