{"Camera":[{"rotation_euler":[[[[0.0,1.069011926651001,-7.671586100260416,1.069011926651001,7.671586100260416,1.069011926651001,2],[19.65,1.069011926651001,11.978413899739584,1.069011926651001,27.321586100260415,1.069011926651001,2]],0],[[[0.0,6.641887040359506e-10,-7.671586100260416,6.641887040359506e-10,7.671586100260416,6.641887040359506e-10,2],[19.65,6.641887040359506e-10,11.978413899739584,6.641887040359506e-10,27.321586100260415,6.641887040359506e-10,2]],0],[[[0.0,0.6280771493911743,-7.671586100260416,0.6280771493911743,7.671586100260416,0.6280771493911743,2],[19.65,0.6280771493911743,11.978413899739584,0.6280771493911743,27.321586100260415,0.6280771493911743,2]],0]],"location":[[[[0.0,-0.004626044072210789,-7.671586100260416,-0.004626044072210789,7.671586100260416,-0.004626044072210789,2],[19.65,0.00953675340861082,11.978413899739584,0.00953675340861082,27.321586100260415,0.00953675340861082,2]],0],[[[0.0,-1.1893993616104126,-7.671586100260416,-1.1893993616104126,7.671586100260416,-1.1893993616104126,2],[19.65,-2.237253189086914,11.978413899739584,-2.237253189086914,27.321586100260415,-2.237253189086914,2]],0],[[[0.0,2.061328887939453,-7.671586100260416,2.061328887939453,7.671586100260416,2.061328887939453,2],[19.65,2.918083429336548,11.978413899739584,2.918083429336548,27.321586100260415,2.918083429336548,2]],0]],"scale":[[[[0.0,1.0,-7.671586100260416,1.0,7.671586100260416,1.0,2],[19.65,1.0000001192092896,11.978413899739584,1.0000001192092896,27.321586100260415,1.0000001192092896,2]],0],[[[0.0,1.0,-7.671586100260416,1.0,7.671586100260416,1.0,2],[19.65,1.0,11.978413899739584,1.0,27.321586100260415,1.0,2]],0],[[[0.0,1.0,-7.671586100260416,1.0,7.671586100260416,1.0,2],[19.65,1.0,11.978413899739584,1.0,27.321586100260415,1.0,2]],0]]}],"FirePaper":[{"rotation_euler":[[[[0.0,0.0,-9.825356038411458,0.0,9.825356038411458,0.0,2],[25.166666666666668,0.0,23.08447265625,0.0,25.58310546875,0.0,2],[26.233333333333334,0.0,25.81689453125,0.0,26.649772135416665,0.0,2]],0],[[[0.0,0.0,-9.825356038411458,0.0,9.825356038411458,0.0,2],[25.166666666666668,0.0,23.08447265625,0.0,25.58310546875,0.0,2],[26.233333333333334,0.0,25.81689453125,0.0,26.649772135416665,0.0,2]],0],[[[0.0,0.0,-9.825356038411458,0.0,9.825356038411458,0.0,2],[25.166666666666668,0.0,23.08447265625,0.0,25.58310546875,0.0,2],[26.233333333333334,0.0,25.81689453125,0.0,26.649772135416665,0.0,2]],0]],"location":[[[[0.0,2.0,-9.825356038411458,2.0,9.825356038411458,2.0,2],[25.166666666666668,2.0,23.08447265625,2.0,25.58310546875,2.0,2],[26.233333333333334,2.0,25.81689453125,2.0,26.649772135416665,2.0,2]],0],[[[0.0,0.0,-9.825356038411458,0.0,9.825356038411458,0.0,2],[25.166666666666668,0.0,23.08447265625,0.0,25.58310546875,0.0,2],[26.233333333333334,0.0,25.81689453125,0.0,26.649772135416665,0.0,2]],0],[[[0.0,1.0,-9.825356038411458,1.0,9.825356038411458,1.0,2],[25.166666666666668,1.0,23.08447265625,1.0,25.58310546875,1.0,2],[26.233333333333334,0.0,25.81689453125,0.0,26.649772135416665,0.0,2]],0]],"scale":[[[[0.0,1.0,-9.825356038411458,1.0,9.825356038411458,1.0,2],[25.166666666666668,1.0,23.08447265625,1.0,25.58310546875,1.0,2],[26.233333333333334,1.0,25.81689453125,1.0,26.649772135416665,1.0,2]],0],[[[0.0,1.0,-9.825356038411458,1.0,9.825356038411458,1.0,2],[25.166666666666668,1.0,23.08447265625,1.0,25.58310546875,1.0,2],[26.233333333333334,1.0,25.81689453125,1.0,26.649772135416665,1.0,2]],0],[[[0.0,1.0,-9.825356038411458,1.0,9.825356038411458,1.0,2],[25.166666666666668,1.0,23.08447265625,1.0,25.58310546875,1.0,2],[26.233333333333334,1.0,25.81689453125,1.0,26.649772135416665,1.0,2]],0]]}],"Disolve":[{"rotation_euler":[[[[43.05,0.0,31.532861328124998,0.0,54.567138671875,0.0,2],[72.55,0.0,61.032861328125,0.0,84.067138671875,0.0,2]],0],[[[43.05,0.0,31.532861328124998,0.0,54.567138671875,0.0,2],[72.55,0.0,61.032861328125,0.0,84.067138671875,0.0,2]],0],[[[43.05,0.0,31.532861328124998,0.0,54.567138671875,0.0,2],[72.55,0.0,61.032861328125,0.0,84.067138671875,0.0,2]],0]],"location":[[[[43.05,6.0,31.532861328124998,6.0,54.567138671875,6.0,2],[72.55,6.0,61.032861328125,6.0,84.067138671875,6.0,2]],0],[[[43.05,0.0,31.532861328124998,0.0,54.567138671875,0.0,2],[72.55,0.0,61.032861328125,0.0,84.067138671875,0.0,2]],0],[[[43.05,0.0,31.532861328124998,0.0,54.567138671875,0.0,2],[72.55,1.0,61.032861328125,1.0,84.067138671875,1.0,2]],0]],"scale":[[[[43.05,1.0,31.532861328124998,1.0,54.567138671875,1.0,2],[72.55,1.0,61.032861328125,1.0,84.067138671875,1.0,2]],0],[[[43.05,1.0,31.532861328124998,1.0,54.567138671875,1.0,2],[72.55,1.0,61.032861328125,1.0,84.067138671875,1.0,2]],0],[[[43.05,1.0,31.532861328124998,1.0,54.567138671875,1.0,2],[72.55,1.0,61.032861328125,1.0,84.067138671875,1.0,2]],0]]}],"Skull":[{"location":[0,0,[[[0.0,0.0,-9.94898681640625,0.0,9.94898681640625,0.0,2],[25.483333333333334,0.0,24.735044352213542,0.0,25.632991536458334,0.0,2],[25.866666666666667,0.0,25.736529541015624,0.0,25.892694091796873,0.0,2],[25.933333333333334,2.5980095863342285,25.907305908203124,2.5980095863342285,25.99189453125,2.5980095863342285,2],[26.083333333333332,0.0300300195813179,26.024772135416665,0.0300300195813179,26.376141357421876,0.0300300195813179,2],[34.63333333333333,1.0,31.29531453450521,1.0,37.97135009765625,1.0,2]],0]]}],"RoomMovement":[{"location":[0,0,[[[0.0,0.0,-6.435282897949219,0.0,6.435282897949219,0.0,1],[16.483333333333334,0.0,10.988888549804688,0.0,30.707255045572918,0.00039111077785491943,2],[110.53333333333333,6.451888084411621,95.00732421875,4.759582996368408,122.5384765625,7.760425567626953,2]],0]]}],"Electrify":[{"location":[0,0,[[[0.0,0.0,-9.94898681640625,0.0,9.94898681640625,0.0,2],[25.483333333333334,0.0,24.735044352213542,0.0,25.632991536458334,0.0,2],[25.866666666666667,0.0,25.736529541015624,0.0,25.892694091796873,0.0,2],[25.933333333333334,3.516517400741577,25.907305908203124,3.516517400741577,25.998402913411457,3.516517400741577,2],[26.099999999999998,0.0,26.034930419921874,0.0,26.425343831380207,0.0,2],[29.133333333333333,0.0,27.94908447265625,0.0,30.317582194010416,0.0,2]],0]]}],"Lock":[{"rotation_euler":[[[[25.3,0.0,25.28333333333333,0.0,25.316666666666666,0.0,2]],0],[[[25.3,0.0,25.28333333333333,0.0,25.316666666666666,0.0,2]],0],[[[25.3,0.0,25.28333333333333,0.0,25.316666666666666,0.0,2]],0]],"location":[[[[25.3,4.0,25.28333333333333,4.0,25.316666666666666,4.0,2]],0],[[[25.3,0.0,25.28333333333333,0.0,25.316666666666666,0.0,2]],0],[[[0.0,0.0,-6.623981730143229,0.0,6.623981730143229,0.0,2],[16.966666666666665,0.0,10.342684936523437,0.0,20.220096842447916,0.0,2],[25.3,1.0,22.04656982421875,1.0,28.553430175781248,1.0,2]],0]],"scale":[[[[25.3,1.0,25.28333333333333,1.0,25.316666666666666,1.0,2]],0],[[[25.3,1.0,25.28333333333333,1.0,25.316666666666666,1.0,2]],0],[[[25.3,1.0,25.28333333333333,1.0,25.316666666666666,1.0,2]],0]]}],"FadeBlack":[{"location":[0,0,[[[0.0,0.0,-0.44897324244181314,0.0,0.44897324244181314,0.0,2],[1.15,0.0,0.7010267893473308,0.0,1.66404177347819,0.0,2],[2.466666666666667,1.0,1.9526248931884764,1.0,2.9807085673014324,1.0,2]],0]]}],"Paper":[{"rotation_euler":[[[[123.98333333333333,0.0,123.88573404947917,0.0,124.0809326171875,0.0,2],[124.23333333333333,0.0,124.13573404947917,0.0,124.3309326171875,0.0,2]],0],[[[123.98333333333333,0.0,123.88573404947917,0.0,124.0809326171875,0.0,2],[124.23333333333333,0.0,124.13573404947917,0.0,124.3309326171875,0.0,2]],0],[[[123.98333333333333,0.0,123.88573404947917,0.0,124.0809326171875,0.0,2],[124.23333333333333,0.0,124.13573404947917,0.0,124.3309326171875,0.0,2]],0]],"location":[[[[123.98333333333333,3.0,123.88573404947917,3.0,124.0809326171875,3.0,2],[124.23333333333333,3.0,124.13573404947917,3.0,124.3309326171875,3.0,2]],0],[[[123.98333333333333,0.0,123.88573404947917,0.0,124.0809326171875,0.0,2],[124.23333333333333,0.0,124.13573404947917,0.0,124.3309326171875,0.0,2]],0],[[[123.98333333333333,0.0,123.88573404947917,0.0,124.0809326171875,0.0,2],[124.23333333333333,1.0,124.13573404947917,1.0,124.3309326171875,1.0,2]],0]],